total_return,cagr,ann_vol,sharpe,max_drawdown,dd_duration_days,win_rate,trades,turnover,ann_factor
1.1822967529296875,0.12205628177658245,0.13131867026827315,0.8771115707476744,-0.1528083086013794,71,0.5454545454545454,33,67.0,365.25
