total_return,cagr,ann_vol,sharpe,max_drawdown,dd_duration_days,win_rate,trades,turnover,ann_factor
0.14231443405151367,0.23156840333187279,0.17929893194755325,1.1620140754651125,-0.1528085470199585,71,0.5,2,5.0,365.25
