total_return,cagr,ann_vol,sharpe,max_drawdown,dd_duration_days,win_rate,trades,turnover,ann_factor
1.7554495334625244,0.10854231796279934,0.1337379439371111,0.7706149761369087,-0.21299821138381958,304,0.54,50,101.0,365.25
